"tract","Name","Household_Income_rP_gP_p25"
36059303301,"Williston Park, NY",73716
36081114100,"Queens County, NY",71410
36059415500,"North Wantagh, Seaford, NY",69612
36059406400,"Garden City, NY",68934
36059412700,"Rockville Centre, NY",67566
36059302700,"North New Hyde Park, NY",66943
36059405800,"Garden City, NY",66319
36103146704,"West Islip, NY",66252
36059406501,"Garden City, NY",66241
36059415102,"Merrick, NY",65733
36059519703,"Plainview, NY",65727
36103111300,"Huntington, NY",64974
36103110401,"Huntington, NY",64950
36081099705,"Queens County, NY",64885
36081150702,"Queens County, NY",64415
36059415201,"Merrick, NY",63881
36059518800,"Syosset, NY",63877
36081157901,"Queens County, NY",63770
36059415202,"Merrick, NY",63712
36081138501,"Queens County, NY",63685
36059404600,"Floral Park, NY",63488
36081073100,"Queens County, NY",63379
36081109900,"Queens County, NY",63353
36081064101,"Queens County, NY",63281
36059303101,"New Hyde Park, NY",63254
36059404700,"New Hyde Park, NY",63176
36081066300,"Queens County, NY",63038
36059415802,"Wantagh, NY",62655
36081099703,"Queens County, NY",62589
36081140902,"Queens County, NY",62549
36059302101,"Roslyn, NY",62052
36103110200,"Huntington, NY",61931
36059300600,"Great Neck Plaza, NY",61861
36059518204,"Woodbury, NY",61470
36059520700,"Massapequa, NY",61375
36059518600,"Jericho, NY",61310
36103110502,"Greenlawn, NY",61022
36081129102,"Queens County, NY",60799
36081072300,"Queens County, NY",60580
36081066501,"Queens County, NY",60392
36081038302,"Queens County, NY",60346
36059519801,"Plainview, NY",60341
36103111802,"East Northport, NY",60322
36059412500,"Rockville Centre, NY",60309
36081069500,"Queens County, NY",60237
36059521200,"Massapequa, NY",60175
36081142900,"Queens County, NY",60116
36059303000,"New Hyde Park, NY",60053
36081112900,"Queens County, NY",60050
36081050700,"Queens County, NY",59960
36047070201,"Kings County, NY",59698
36059302800,"North New Hyde Park, NY",59416
36081115100,"Queens County, NY",59363
36005044901,"Bronx County, NY",59258
36081133300,"Queens County, NY",59056
36081060300,"Queens County, NY",58932
36081113300,"Queens County, NY",58913
36081141700,"Queens County, NY",58753
36081049500,"Queens County, NY",58743
36081080301,"Queens County, NY",58717
36059411902,"Lynbrook, NY",58607
36059416000,"Seaford, NY",58540
36103112212,"Dix Hills, NY",58323
36059412600,"Rockville Centre, NY",58195
36059302400,"Albertson, NY",58177
36059302300,"Albertson, NY",58165
36103112204,"Melville, NY",58058
36081092800,"Queens County, NY",58056
36059521802,"Massapequa Park, NY",58022
36059405301,"Franklin Square, NY",57969
36081013500,"Queens County, NY",57930
36103112213,"Dix Hills, NY",57893
36059300100,"Kings Point, NY",57876
36059405500,"Franklin Square, NY",57841
36059404500,"Floral Park, NY",57710
36081103900,"Queens County, NY",57660
36059413002,"Oceanside, NY",57650
36081120700,"Queens County, NY",57607
36059519500,"Hicksville, Hicksville, NY",57607
36081133900,"Queens County, NY",57545
36081152902,"Queens County, NY",57535
36005011800,"Bronx County, NY",57506
36059521500,"Massapequa Park, NY",57435
36059517500,"Glen Head, NY",57427
36059414700,"Merrick, NY",57357
36119005001,"Scarsdale, NY",57299
36103146901,"West Islip, NY",57276
36081134100,"Queens County, NY",57197
36059408400,"Merrick, NY",57188
36081103300,"Queens County, NY",57181
36119005500,"Pelham, Pelham Manor, NY",57106
36081157101,"Bellerose Manor, Bellerose, NY",57061
36059517000,"Glen Cove, NY",56951
36059518501,"Jericho, NY",56893
36103111803,"East Northport, NY",56812
36081074700,"Queens County, NY",56787
36059301700,"Manhasset, NY",56761
36059410600,"Valley Stream, NY",56721
36059519601,"Plainview, NY",56618
36005031400,"Bronx County, NY",56571
36081122300,"Queens County, NY",56542
36059521302,"Massapequa, NY",56535
36059408600,"Levittown, NY",56510
36059519802,"Plainview, NY",56458
36059415700,"Wantagh, NY",56317
36081144100,"Queens County, NY",56090
36081051100,"Queens County, NY",56086
36081050500,"Queens County, NY",56083
36059519400,"Hicksville, Hicksville, NY",56055
36059517701,"Glen Head, NY",55986
36081076902,"Queens County, NY",55913
36059520002,"Bethpage, NY",55904
36119005200,"Bronxville, NY",55869
36081101700,"Queens County, NY",55801
36059303800,"Carle Place, NY",55750
36059302501,"Roslyn Heights, NY",55703
36059406300,"Garden City, NY",55665
36081136700,"Queens County, NY",55641
36103110102,"Cold Spring Harbor, NY",55594
36081150701,"Queens County, NY",55464
36103111801,"Elwood, NY",55463
36081104700,"Queens County, NY",55432
36081157903,"Bellerose Manor, Floral Park, NY",55383
36103110101,"Lloyd Harbor, NY",55348
36081070700,"Queens County, NY",55305
36081079701,"Queens County, NY",55260
36081152901,"Queens County, NY",55244
36081119300,"Queens County, NY",55224
36059415101,"Merrick, NY",55209
36081091601,"Queens County, NY",55170
36059517600,"Glen Head, NY",55136
36059411901,"Lynbrook, NY",55074
36005027401,"Bronx County, NY",55050
36081079900,"Queens County, NY",55022
36059416402,"Long Beach, NY",55013
36059518100,"East Norwich, NY",54977
36081099701,"Queens County, NY",54924
36059521301,"Massapequa, NY",54905
36059301900,"Manhasset, NY",54885
36081108500,"Queens County, NY",54875
36059410200,"Malverne, NY",54848
36081072900,"Queens County, NY",54820
36081069702,"Queens County, NY",54776
36081119500,"Queens County, NY",54730
36081067700,"Queens County, NY",54727
36059408000,"East Meadow, NY",54694
36119008500,"Rye, NY",54672
36059520001,"Bethpage, NY",54549
36081071304,"Queens County, NY",54534
36059303700,"Mineola, NY",54522
36119001700,"Bryn Mawr, Yonkers, NY",54517
36059415600,"Wantagh, NY",54422
36081140300,"Queens County, NY",54376
36103146800,"West Islip, NY",54354
36103112103,"Commack, NY",54334
36103146705,"West Islip, NY",54242
36119007700,"Rye, NY",54067
36059416100,"Seaford, NY",54057
36081059900,"Queens County, NY",54019
36103146902,"West Islip, NY",53854
36081075702,"Queens County, NY",53842
36059519000,"Hicksville, Levittown, NY",53767
36059520100,"Old Bethpage, NY",53753
36059517901,"Bayville, NY",53739
36059300900,"Manhasset, NY",53701
36081064500,"Queens County, NY",53693
36059416201,"Island Park, NY",53568
36059301600,"Manhasset, NY",53553
36059301102,"Port Washington, NY",53517
36047070600,"Kings County, NY",53503
36059518201,"Oyster Bay, NY",53429
36119009701,"White Plains, NY",53356
36081109300,"Queens County, NY",53340
36119001900,"Northwest Yonkers, Yonkers, NY",53308
36005028800,"Bronx County, NY",53307
36081097300,"Queens County, NY",53296
36059519200,"Hicksville, Hicksville, NY",53201
36081089200,"Queens County, NY",53148
36059518203,"Woodbury, NY",53087
36081025700,"Queens County, NY",53055
36081120300,"Queens County, NY",53053
36081139900,"Queens County, NY",53018
36081118100,"Queens County, NY",52985
36081063301,"Queens County, NY",52964
36059405302,"Franklin Square, NY",52931
36059405400,"Elmont, NY",52918
36059517400,"Sea Cliff, NY",52912
36059410100,"Malverne, NY",52902
36081071701,"Queens County, NY",52882
36005045102,"Bronx County, NY",52848
36059304001,"Westbury, NY",52837
36081121500,"Queens County, NY",52831
36081099100,"Queens County, NY",52830
36081074100,"Queens County, NY",52808
36059411700,"Hewlett, NY",52807
36059519704,"Plainview, NY",52807
36059409700,"North Wantagh, Wantagh, NY",52777
36059408200,"East Meadow, NY",52774
36119002405,"Dunwoodie, Yonkers, NY",52750
36081063500,"Queens County, NY",52692
36059416801,"Long Beach, NY",52587
36081145900,"Queens County, NY",52527
36059411200,"Cedarhurst, NY",52516
36059520501,"South Farmingdale, NY",52492
36081069300,"Queens County, NY",52473
36081120500,"Queens County, NY",52454
36059303202,"Garden City Park, NY",52445
36081114700,"Queens County, NY",52443
36059409200,"Levittown, NY",52441
36081068700,"Queens County, NY",52420
36059300300,"Great Neck, NY",52378
36081056200,"Queens County, NY",52349
36059303302,"Williston Park, NY",52317
36119002103,"Crestwood, Yonkers, NY",52310
36081071306,"Queens County, NY",52300
36103111401,"Huntington Station, NY",52298
36081063700,"Queens County, NY",52266
36059408900,"Levittown, NY",52204
36059303500,"Mineola, NY",52199
36119006802,"New Rochelle, NY",52151
36081147900,"Queens County, NY",52144
36059413400,"Oceanside, NY",52051
36059414600,"North Merrick, NY",52031
36059518700,"Syosset, NY",52007
36059302102,"Roslyn Heights, NY",51998
36059413200,"Oceanside, NY",51974
36081083700,"Queens County, NY",51945
36081072100,"Queens County, NY",51934
36081124700,"Queens County, NY",51912
36081094500,"Queens County, NY",51801
36059407801,"Westbury, NY",51774
36081119900,"Queens County, NY",51769
36081066701,"Queens County, NY",51722
36081080302,"Queens County, NY",51692
36081074900,"Queens County, NY",51664
36059522700,"Seaford, NY",51654
36081099704,"Queens County, NY",51635
36103110801,"Northport, NY",51631
36081013400,"Queens County, NY",51599
36059301200,"Port Washington, NY",51442
36119010701,"Scarsdale, NY",51432
36005051600,"Bronx County, NY",51423
36059406001,"West Hempstead, NY",51400
36103111900,"Huntington, NY",51394
36081047900,"Queens County, NY",51387
36059405700,"Franklin Square, NY",51364
36119004900,"Scarsdale, NY",51344
36059410000,"Valley Stream, NY",51341
36059518300,"Syosset, NY",51331
36081049700,"Queens County, NY",51306
36119010000,"Scarsdale, NY",51227
36081075701,"Queens County, NY",51178
36059409300,"Levittown, NY",51138
36081140901,"Queens County, NY",51121
36059413803,"Baldwin, NY",51074
36059519100,"Hicksville, Hicksville, NY",51052
36119006801,"Scarsdale, NY",51041
36081077902,"Queens County, NY",51009
36081071702,"Queens County, NY",50987
36081143500,"Queens County, NY",50981
36059407600,"Westbury, NY",50867
36081049900,"Queens County, NY",50777
36059412200,"East Rockaway, NY",50755
36081048900,"Queens County, NY",50685
36081029300,"Queens County, NY",50634
36081119100,"Queens County, NY",50629
36059300400,"Great Neck, NY",50606
36059521602,"Massapequa Park, NY",50606
36059416900,"Lido Beach, NY",50582
36059406100,"West Hempstead, NY",50485
36119005002,"Eastchester, NY",50484
36059518502,"Jericho, NY",50477
36047069602,"Kings County, NY",50429
36119001403,"Lincoln Park, Yonkers, NY",50416
36119000801,"Northwest Yonkers, Yonkers, NY",50361
36059415000,"Merrick, NY",50345
36047070000,"Kings County, NY",50315
36081098700,"Queens County, NY",50258
36103111601,"East Northport, NY",50251
36081047600,"Queens County, NY",50209
36081024700,"Queens County, NY",50206
36119007600,"Rye, NY",50054
36081148300,"Queens County, NY",50044
36059410700,"Valley Stream, NY",49996
36081071100,"Queens County, NY",49990
36059302900,"North New Hyde Park, NY",49979
36059408100,"East Meadow, NY",49969
36081074300,"Queens County, NY",49948
36103112211,"Dix Hills, NY",49914
36081012100,"Queens County, NY",49859
36059303400,"East Williston, NY",49831
36103111703,"East Northport, NY",49829
36059407700,"Westbury, NY",49808
36005027402,"Bronx County, NY",49793
36059521601,"Massapequa Park, NY",49754
36059411302,"Woodmere Park, Woodmere, NY",49747
36081071900,"Queens County, NY",49742
36081115700,"Queens County, NY",49716
36119005300,"Pelham, Village of Pelham, NY",49705
36081093900,"Queens County, NY",49667
36059406600,"Mott Section, Garden City, NY",49654
36081111300,"Queens County, NY",49649
36081013000,"Queens County, NY",49609
36081044800,"Queens County, NY",49598
36081066900,"Queens County, NY",49532
36119002107,"Colonial Heights, Yonkers, NY",49529
36103124401,"West Babylon, NY",49509
36081029500,"Queens County, NY",49489
36081045900,"Queens County, NY",49457
36059520600,"Farmingdale, NY",49415
36119004500,"North Side, Mount Vernon, NY",49378
36119004600,"Bronxville, NY",49366
36081157102,"Queens County, NY",49350
36103146706,"West Islip, NY",49342
36059405600,"Franklin Square, NY",49342
36059300800,"Great Neck, NY",49333
36059519702,"Plainview, NY",49329
36081105900,"Queens County, NY",49292
36081076901,"Queens County, NY",49263
36059520800,"North Massapequa, NY",49261
36119010200,"Hastings-on-Hudson, NY",49252
36081129103,"Queens County, NY",49235
36081116100,"Queens County, NY",49175
36081023000,"Queens County, NY",49174
36081107201,"Queens County, NY",49174
36081093401,"Queens County, NY",49139
36059517102,"Glen Cove, NY",49120
36081129104,"Queens County, NY",49067
36059521902,"Massapequa, NY",49053
36059408300,"East Meadow, NY",49005
36059406002,"West Hempstead, NY",48945
36005024400,"Bronx County, NY",48944
36059416300,"Atlantic Beach, NY",48874
36059519900,"Bethpage, NY",48850
36059518400,"Syosset, NY",48845
36059405900,"West Hempstead, NY",48836
36059415401,"Bellmore, NY",48836
36119002105,"Beech Hill, Scarsdale, NY",48832
36059520200,"Bethpage, NY",48799
36059404300,"Bellerose Terrace, Floral Park, NY",48783
36059303102,"New Hyde Park, NY",48727
36103123600,"Amityville, NY",48724
36081088901,"Queens County, NY",48721
36059408800,"Levittown, NY",48649
36119008403,"Harrison, NY",48631
36081074500,"Queens County, NY",48597
36059519602,"Plainview, NY",48555
36059413100,"Oceanside, NY",48537
36081079702,"Queens County, NY",48451
36103134703,"Northport, NY",48429
36081069701,"Queens County, NY",48427
36119002201,"Northeast Yonkers, Yonkers, NY",48426
36059411800,"Lynbrook, NY",48415
36081086100,"Queens County, NY",48407
36081066100,"Queens County, NY",48388
36081122701,"Queens County, NY",48363
36081073700,"Queens County, NY",48362
36081029700,"Queens County, NY",48338
36081022002,"Queens County, NY",48321
36119001402,"Lincoln Park, Yonkers, NY",48268
36081127700,"Queens County, NY",48225
36081051300,"Queens County, NY",48202
36059410800,"Valley Stream, NY",48179
36119010702,"Scarsdale, NY",48152
36059414800,"North Bellmore, NY",48150
36103110501,"Centerport, NY",48146
36059521801,"Massapequa, NY",48130
36119003800,"North Side, Mount Vernon, NY",48096
36119002000,"Northeast Yonkers, Yonkers, NY",48090
36081115500,"Queens County, NY",48035
36081070300,"Queens County, NY",48030
36119007402,"Mamaroneck, NY",47934
36005025400,"Bronx County, NY",47933
36059409100,"Levittown, NY",47926
36081048500,"Queens County, NY",47872
36119008404,"Harrison, NY",47837
36081126700,"Queens County, NY",47810
36059409000,"Levittown, NY",47796
36081057700,"Queens County, NY",47758
36103124002,"Lindenhurst, NY",47753
36081048300,"Queens County, NY",47726
36081077904,"Queens County, NY",47659
36081085900,"Queens County, NY",47652
36103112210,"Dix Hills, NY",47630
36081124100,"Queens County, NY",47629
36059415402,"Bellmore, NY",47604
36119001503,"Southeast Yonkers, Yonkers, NY",47534
36119002101,"Northeast Yonkers, Yonkers, NY",47528
36059521400,"Massapequa, NY",47501
36005031000,"Bronx County, NY",47463
36081146700,"Queens County, NY",47427
36059301500,"Plandome, NY",47427
36081065900,"Queens County, NY",47358
36081047500,"Queens County, NY",47337
36081071305,"Queens County, NY",47306
36059404400,"Floral Park, NY",47299
36059517302,"Glen Cove, NY",47285
36005029500,"Bronx County, NY",47284
36059520300,"Bethpage, NY",47266
36059520900,"Massapequa, NY",47266
36119001401,"Lincoln Park, Yonkers, NY",47228
36081063302,"Queens County, NY",47216
36081092200,"Queens County, NY",47211
36059302600,"Floral Park, NY",47144
36081085300,"Queens County, NY",47133
36059302000,"Roslyn, NY",47132
36103110402,"Centerport, NY",47115
36081117500,"Queens County, NY",47103
36081006201,"Queens County, NY",47093
36059408500,"North Bellmore, NY",47083
36081025500,"Queens County, NY",47078
36081116700,"Queens County, NY",46998
36081130100,"Queens County, NY",46971
36059301400,"Port Washington, NY",46952
36081045700,"Queens County, NY",46946
36081137700,"Queens County, NY",46938
36081068300,"Queens County, NY",46915
36081001200,"Queens County, NY",46910
36081003800,"Queens County, NY",46893
36081014700,"Queens County, NY",46876
36059413600,"Baldwin, NY",46848
36059409500,"Levittown, NY",46829
36005018400,"Bronx County, NY",46810
36081024500,"Queens County, NY",46795
36081062100,"Queens County, NY",46766
36081054800,"Queens County, NY",46761
36059520502,"South Farmingdale, NY",46761
36119009703,"White Plains, NY",46731
36081062500,"Queens County, NY",46689
36059416701,"Long Beach, NY",46657
36081011100,"Queens County, NY",46656
36103112102,"Dix Hills, NY",46631
36103112206,"Melville, NY",46594
36081126500,"Queens County, NY",46559
36081080900,"Queens County, NY",46558
36081146300,"Queens County, NY",46521
36081077500,"Queens County, NY",46517
36059409600,"North Wantagh, Wantagh, NY",46467
36081092900,"Queens County, NY",46412
36081008800,"Queens County, NY",46344
36119008401,"Harrison, NY",46330
36081014000,"Queens County, NY",46319
36059517705,"Glen Head, NY",46314
36081134700,"Queens County, NY",46314
36005033700,"Bronx County, NY",46281
36081052100,"Queens County, NY",46274
36103123101,"North Babylon, NY",46256
36119001502,"Southeast Yonkers, Yonkers, NY",46219
36081051500,"Queens County, NY",46181
36081067900,"Queens County, NY",46159
36081030903,"Queens County, NY",46117
36081120100,"Queens County, NY",46104
36081155102,"Queens County, NY",46078
36059301101,"Port Washington, NY",46058
36059517801,"Locust Valley, NY",46026
36119003900,"North Side, Mount Vernon, NY",46024
36005032600,"Bronx County, NY",46001
36059412000,"Lynbrook, NY",45999
36059410900,"Valley Stream, NY",45976
36081056600,"Queens County, NY",45902
36119009800,"Scarsdale, NY",45897
36103111704,"East Northport, NY",45885
36059410500,"Valley Stream, NY",45857
36059411400,"Woodmere, NY",45841
36103122603,"North Babylon, NY",45822
36081086500,"Queens County, NY",45786
36081067100,"Queens County, NY",45785
36119006900,"Larchmont, NY",45711
36119002404,"Southeast Yonkers, Yonkers, NY",45680
36005025200,"Bronx County, NY",45640
36059413001,"Oceanside, NY",45633
36081026700,"Queens County, NY",45628
36081071303,"Queens County, NY",45623
36081118900,"Queens County, NY",45618
36081055200,"Queens County, NY",45590
36005015200,"Bronx County, NY",45577
36081062700,"Queens County, NY",45577
36005024800,"Bronx County, NY",45570
36005013000,"Bronx County, NY",45566
36059411600,"Lawrence, NY",45559
36103122901,"West Babylon, NY",45508
36059304002,"Westbury, NY",45420
36119004800,"Tuckahoe, NY",45393
36081077300,"Queens County, NY",45387
36081090700,"Queens County, NY",45366
36081147100,"Queens County, NY",45316
36081059300,"Queens County, NY",45308
36103110803,"Northport, NY",45259
36081157902,"Queens County, NY",45251
36081005800,"Queens County, NY",45164
36059521000,"North Massapequa, NY",45157
36059411301,"Valley Stream, NY",45140
36059409400,"Wantagh, NY",45138
36081073900,"Queens County, NY",45129
36081085700,"Queens County, NY",45125
36119000900,"Nepera Park, Yonkers, NY",45115
36059520402,"Farmingdale, NY",45114
36081024300,"Queens County, NY",45080
36005044902,"Bronx County, NY",45074
36081113900,"Queens County, NY",45071
36005032300,"Bronx County, NY",45018
36119005400,"Pelham, Village of Pelham, NY",45009
36103112002,"Huntington Station, NY",44984
36081118700,"Queens County, NY",44942
36081062900,"Queens County, NY",44938
36059413300,"Oceanside, NY",44935
36081161700,"Queens County, NY",44882
36081055800,"Queens County, NY",44866
36103112214,"Huntington Station, NY",44829
36081061301,"Queens County, NY",44796
36059520401,"Farmingdale, NY",44772
36081088400,"Queens County, NY",44740
36081048100,"Queens County, NY",44732
36081077907,"Queens County, NY",44691
36103122404,"West Babylon, NY",44657
36059301000,"Sands Point, NY",44653
36119010100,"Scarsdale, NY",44648
36081004001,"Queens County, NY",44645
36103112001,"Huntington Station, NY",44635
36081012800,"Queens County, NY",44545
36081021600,"Queens County, NY",44537
36081145101,"Queens County, NY",44532
36081077903,"Queens County, NY",44525
36103124101,"Lindenhurst, NY",44483
36081115900,"Queens County, NY",44429
36081000800,"Queens County, NY",44413
36103111402,"Huntington Station, NY",44404
36081015400,"Queens County, NY",44374
36059302200,"Roslyn Heights, NY",44361
36081077906,"Queens County, NY",44358
36081061900,"Queens County, NY",44335
36103124601,"Babylon, NY",44314
36081046300,"Queens County, NY",44271
36081117100,"Queens County, NY",44233
36119002403,"Southeast Yonkers, Yonkers, NY",44224
36059412100,"East Rockaway, NY",44222
36081058700,"Queens County, NY",44209
36081118500,"Queens County, NY",44090
36081092500,"Queens County, NY",44076
36081116300,"Queens County, NY",44038
36081055600,"Queens County, NY",44035
36081056000,"Queens County, NY",44004
36103123002,"West Babylon, NY",43996
36081070900,"Queens County, NY",43982
36081051700,"Queens County, NY",43933
36081029100,"Queens County, NY",43892
36081093402,"Queens County, NY",43887
36059518000,"Oyster Bay, NY",43887
36005031600,"Bronx County, NY",43848
36081011300,"Queens County, NY",43843
36059521700,"Massapequa Park, NY",43838
36005030900,"Bronx County, NY",43832
36059303600,"Mineola, NY",43804
36005045101,"Bronx County, NY",43787
36081098100,"Queens County, NY",43725
36081026500,"Queens County, NY",43716
36081086400,"Queens County, NY",43697
36059413804,"Baldwin, NY",43687
36059300500,"Great Neck, NY",43664
36119005100,"Eastchester, NY",43635
36103122601,"Deer Park, NY",43626
36081001600,"Queens County, NY",43617
36081109700,"Queens County, NY",43609
36059303201,"Garden City Park, NY",43598
36081047300,"Queens County, NY",43588
36081086300,"Queens County, NY",43568
36081032900,"Queens County, NY",43565
36081065703,"Queens County, NY",43531
36081013700,"Queens County, NY",43527
36059517802,"Locust Valley, NY",43489
36081049301,"Queens County, NY",43475
36119007500,"Rye, NY",43449
36103122705,"Deer Park, NY",43421
36081077905,"Queens County, NY",43417
36081021400,"Queens County, NY",43352
36103147004,"Bay Shore, NY",43294
36081084602,"Queens County, NY",43252
36081045000,"Queens County, NY",43242
36005024600,"Bronx County, NY",43219
36081125700,"Queens County, NY",43154
36081091900,"Queens County, NY",43123
36081077908,"Queens County, NY",43105
36119001301,"Park Hill, Yonkers, NY",43026
36005015800,"Bronx County, NY",43012
36081030904,"Queens County, NY",42978
36059412800,"South Hempstead, NY",42958
36103124200,"Lindenhurst, NY",42948
36081001000,"Queens County, NY",42905
36103110300,"Halesite, NY",42898
36081162100,"Queens County, NY",42873
36059410400,"Valley Stream, NY",42849
36081011200,"Queens County, NY",42844
36081144700,"Queens County, NY",42842
36005028500,"Bronx County, NY",42826
36081008600,"Queens County, NY",42824
36059413700,"Baldwin, NY",42767
36081045600,"Queens County, NY",42752
36059405200,"Elmont, NY",42735
36103111701,"East Northport, NY",42711
36103122602,"Deer Park, NY",42671
36081026100,"Queens County, NY",42613
36119000203,"Ludlow, Yonkers, NY",42610
36081023200,"Queens County, NY",42594
36081145102,"Queens County, NY",42591
36081022001,"Queens County, NY",42572
36081024900,"Queens County, NY",42550
36081033700,"Queens County, NY",42544
36081030902,"Queens County, NY",42532
36081063900,"Queens County, NY",42516
36081004401,"Queens County, NY",42478
36081056700,"Queens County, NY",42475
36081009600,"Queens County, NY",42392
36103122300,"Farmingdale, NY",42384
36059410300,"Valley Stream, NY",42324
36119004300,"North Side, Mount Vernon, NY",42264
36047099000,"Kings County, NY",42247
36081021200,"Queens County, NY",42231
36081059500,"Queens County, NY",42209
36059409900,"Valley Stream, NY",42186
36081046100,"Queens County, NY",42174
36081004200,"Queens County, NY",42152
36081028100,"Queens County, NY",42068
36081045400,"Queens County, NY",42036
36081015000,"Queens County, NY",42012
36059416202,"Island Park, NY",41982
36103123401,"Lindenhurst, NY",41958
36081047100,"Queens County, NY",41947
36081041300,"Queens County, NY",41888
36081013800,"Queens County, NY",41875
36081000400,"Queens County, NY",41858
36081102900,"Queens County, NY",41846
36119000701,"Northwest Yonkers, Yonkers, NY",41829
36103110600,"Northport, NY",41822
36081002400,"Queens County, NY",41803
36103124500,"Babylon, NY",41781
36081012000,"Queens County, NY",41779
36005034500,"Bronx County, NY",41760
36059517301,"Glen Cove, NY",41759
36081055500,"Queens County, NY",41740
36103124001,"Lindenhurst, NY",41727
36059415300,"Bellmore, NY",41726
36005031200,"Bronx County, NY",41708
36081028700,"Queens County, NY",41609
36103123702,"Copiague, NY",41585
36103122707,"Deer Park, NY",41508
36081047000,"Queens County, NY",41492
36005026601,"Bronx County, NY",41489
36103123900,"Lindenhurst, NY",41487
36119001600,"Bryn Mawr, Yonkers, NY",41463
36081053100,"Queens County, NY",41447
36081010600,"Queens County, NY",41435
36103122902,"West Babylon, NY",41428
36005013200,"Bronx County, NY",41420
36081011000,"Queens County, NY",41391
36081004002,"Queens County, NY",41386
36081085500,"Queens County, NY",41363
36005031800,"Bronx County, NY",41335
36081047200,"Queens County, NY",41299
36081047800,"Queens County, NY",41270
36081094700,"Queens County, NY",41262
36005023200,"Bronx County, NY",41257
36119004400,"North Side, Mount Vernon, NY",41248
36081093800,"Queens County, NY",41241
36081028900,"Queens County, NY",41228
36081013600,"Queens County, NY",41224
36059416802,"Long Beach, NY",41190
36081027100,"Queens County, NY",41170
36081012400,"Queens County, NY",41137
36081058300,"Queens County, NY",41136
36119007401,"Mamaroneck, NY",41100
36103124300,"West Babylon, NY",41090
36081009800,"Queens County, NY",41083
36081025900,"Queens County, NY",41079
36119002204,"Lawrence Park, Yonkers, NY",41079
36059518900,"Hicksville, Hicksville, NY",41067
36081060100,"Queens County, NY",41052
36119001504,"Southeast Yonkers, Yonkers, NY",41045
36119005800,"New Rochelle, NY",41002
36005016000,"Bronx County, NY",40992
36005025000,"Bronx County, NY",40963
36119000802,"Northwest Yonkers, Yonkers, NY",40958
36081026901,"Queens County, NY",40954
36081052500,"Queens County, NY",40927
36059521100,"Massapequa, NY",40898
36081015600,"Queens County, NY",40892
36059414900,"North Bellmore, NY",40883
36081028500,"Queens County, NY",40865
36103112104,"Dix Hills, NY",40858
36119006700,"New Rochelle, NY",40784
36103123402,"Lindenhurst, NY",40727
36081026902,"Queens County, NY",40720
36081112300,"Queens County, NY",40699
36081014100,"Queens County, NY",40691
36059408700,"Levittown, NY",40637
36081058100,"Queens County, NY",40598
36081086900,"Queens County, NY",40592
36059416600,"Long Beach, NY",40587
36119004700,"Bronxville, NY",40569
36103123802,"Lindenhurst, NY",40535
36081002600,"Queens County, NY",40510
34003002100,"Alpine, NJ",40458
36081049302,"Queens County, NY",40458
36081042700,"Queens County, NY",40436
36119007200,"Mamaroneck, NY",40408
36081045200,"Queens County, NY",40403
36081002800,"Queens County, NY",40400
36081000200,"Queens County, NY",40383
36119002402,"Southeast Yonkers, Yonkers, NY",40373
36059414502,"Freeport, NY",40255
36081010400,"Queens County, NY",40240
36005028900,"Bronx County, NY",40221
36059411000,"Inwood, NY",40160
36081009400,"Queens County, NY",40108
9001011300,"Greenwich, CT",40064
36081011800,"Queens County, NY",40060
36081084900,"Queens County, NY",40038
36081012200,"Queens County, NY",40038
36081001400,"Queens County, NY",40036
36005028700,"Bronx County, NY",40020
36119005902,"New Rochelle, NY",40003
36103122706,"Deer Park, NY",39994
36081046600,"Queens County, NY",39970
36081045800,"Queens County, NY",39969
36119002104,"Colonial Heights, Yonkers, NY",39951
36081046900,"Queens County, NY",39919
36119002300,"Dunwoodie, Yonkers, NY",39833
36081003200,"Queens County, NY",39795
36059519300,"Hicksville, Hicksville, NY",39761
36081003400,"Queens County, NY",39722
36119007300,"Mamaroneck, NY",39717
36081059100,"Queens County, NY",39671
36059405000,"Elmont, NY",39665
36081056400,"Queens County, NY",39644
36059409800,"Elmont, NY",39636
36059412301,"Rockville Centre, NY",39620
36119002202,"Cedar Knolls, Yonkers, NY",39548
36081003600,"Queens County, NY",39548
36081057900,"Queens County, NY",39514
36081041100,"Queens County, NY",39504
36081048400,"Queens County, NY",39480
36081054200,"Queens County, NY",39479
36005033500,"Bronx County, NY",39476
36081031700,"Queens County, NY",39439
36081041500,"Queens County, NY",39425
36081005200,"Queens County, NY",39390
36059301800,"Manhasset, NY",39386
36005025600,"Bronx County, NY",39370
36081027500,"Queens County, NY",39344
36103123801,"Copiague, NY",39340
36059407900,"East Meadow, NY",39336
36081015802,"Queens County, NY",39296
36103146703,"Bay Shore, NY",39281
36081049600,"Queens County, NY",39261
36081003000,"Queens County, NY",39229
36081014500,"Queens County, NY",39216
36059413500,"Baldwin, NY",39183
36081028300,"Queens County, NY",39177
36081025100,"Queens County, NY",39166
36081044302,"Queens County, NY",39125
36103124402,"Lindenhurst, NY",39075
36081006202,"Queens County, NY",39042
36059300700,"Great Neck Plaza, NY",39029
36081048000,"Queens County, NY",39011
36081014800,"Queens County, NY",39002
36119005701,"New Rochelle, NY",38997
36005026400,"Bronx County, NY",38873
36119000803,"Northwest Yonkers, Yonkers, NY",38862
36103123001,"West Babylon, NY",38844
36081016800,"Queens County, NY",38806
36005035100,"Bronx County, NY",38795
36081058500,"Queens County, NY",38790
36119002203,"CenTuck, Yonkers, NY",38779
36005022404,"Bronx County, NY",38760
36081000600,"Queens County, NY",38734
36005033000,"Bronx County, NY",38734
36081010800,"Queens County, NY",38630
36081043900,"Queens County, NY",38625
36081010200,"Queens County, NY",38611
36081011400,"Queens County, NY",38583
36103110901,"Huntington, NY",38564
36005026602,"Bronx County, NY",38563
36081054700,"Queens County, NY",38559
36081049200,"Queens County, NY",38554
36119001302,"Park Hill, Yonkers, NY",38550
36059517902,"Bayville, NY",38529
36103123102,"North Babylon, NY",38529
36081035100,"Queens County, NY",38522
36081032700,"Queens County, NY",38480
36081039900,"Queens County, NY",38473
36081055100,"Queens County, NY",38424
36005030000,"Bronx County, NY",38404
36081046200,"Queens County, NY",38345
36005004001,"Bronx County, NY",38298
36059414501,"Freeport, NY",38292
36081010000,"Queens County, NY",38286
36081002200,"Queens County, NY",38274
36081046700,"Queens County, NY",38267
36081023600,"Queens County, NY",38231
36059416702,"Long Beach, NY",38159
36081027700,"Queens County, NY",38158
36081027900,"Queens County, NY",38152
36059406201,"West Hempstead, NY",38147
36103111504,"Huntington, NY",38115
36081055400,"Queens County, NY",38114
36059416401,"Long Beach, NY",38106
36081046800,"Queens County, NY",38077
36119009900,"Scarsdale, NY",38038
36081016600,"Queens County, NY",38012
36081011600,"Queens County, NY",37970
36081014202,"Queens County, NY",37967
36081043702,"Queens County, NY",37812
36005013800,"Bronx County, NY",37709
36081083800,"Queens County, NY",37659
36103124102,"Lindenhurst, NY",37616
36081048200,"Queens County, NY",37605
36081012602,"Queens County, NY",37504
36059414301,"Freeport, NY",37481
36047102200,"Kings County, NY",37456
36081014400,"Queens County, NY",37415
36081066000,"Queens County, NY",37409
36005022401,"Bronx County, NY",37381
36047102000,"Kings County, NY",37365
36059405100,"Elmont, NY",37309
36081046500,"Queens County, NY",37295
36081027300,"Queens County, NY",37293
36103123500,"Amityville, NY",37279
36081013200,"Queens County, NY",37272
36103111503,"Greenlawn, NY",37248
36047096400,"Kings County, NY",37224
36081005400,"Queens County, NY",37211
36005020000,"Bronx County, NY",37197
36081026300,"Queens County, NY",37164
36081016400,"Queens County, NY",37128
36081055300,"Queens County, NY",37061
36103111602,"East Northport, NY",37017
36005022800,"Bronx County, NY",36924
36081016300,"Queens County, NY",36918
36081033900,"Queens County, NY",36907
36081055700,"Queens County, NY",36896
36081054900,"Queens County, NY",36828
36047099600,"Kings County, NY",36822
36047101000,"Kings County, NY",36812
36081065702,"Queens County, NY",36759
36081101002,"Queens County, NY",36751
36081065400,"Queens County, NY",36744
36103111202,"Huntington Station, NY",36732
36081012301,"Queens County, NY",36719
36059304202,"Westbury, NY",36664
36047105801,"Kings County, NY",36660
36005027900,"Bronx County, NY",36659
36081084500,"Queens County, NY",36655
36047118600,"Kings County, NY",36602
36005028100,"Bronx County, NY",36567
36047101200,"Kings County, NY",36550
36005023800,"Bronx County, NY",36518
36081017200,"Queens County, NY",36507
36059404901,"Elmont, NY",36468
36059407302,"Uniondale, NY",36394
36119005901,"New Rochelle, NY",36199
36047118800,"Kings County, NY",36195
36119002401,"Lawrence Park, Yonkers, NY",36194
36005020200,"Bronx County, NY",36170
36103111506,"Huntington, NY",36152
36005043600,"Bronx County, NY",36152
36119006600,"New Rochelle, NY",36124
36103122802,"North Babylon, NY",36109
36005034300,"Bronx County, NY",36062
36059407401,"Uniondale, NY",36030
36119006100,"New Rochelle, NY",36009
36119010300,"Hastings-on-Hudson, NY",36000
36119006200,"New Rochelle, NY",35987
36081058900,"Queens County, NY",35977
36059412302,"Rockville Centre, NY",35971
36059414303,"Freeport, NY",35969
36005045600,"Bronx County, NY",35947
36059301300,"Port Washington, NY",35925
36059412400,"Rockville Centre, NY",35883
36081084601,"Queens County, NY",35879
36059304100,"Westbury, NY",35845
36119007100,"Larchmont, NY",35815
36005032800,"Bronx County, NY",35803
36047098400,"Kings County, NY",35794
36081015801,"Queens County, NY",35749
36119003600,"North Side, Mount Vernon, NY",35731
36081040900,"Queens County, NY",35655
36047102600,"Kings County, NY",35580
36005034200,"Bronx County, NY",35580
36103111804,"Commack, NY",35564
36081037700,"Queens County, NY",35554
36005023000,"Bronx County, NY",35541
36005023600,"Bronx County, NY",35500
36005042901,"Bronx County, NY",35490
36119007000,"Larchmont, NY",35460
36005016200,"Bronx County, NY",35457
36005029600,"Bronx County, NY",35408
36081011900,"Queens County, NY",35357
36103111505,"Huntington, NY",35315
36081034700,"Queens County, NY",35294
36103111001,"Huntington, NY",35232
36059404800,"South Floral Park, NY",35227
36005041400,"Bronx County, NY",35214
36005033201,"Bronx County, NY",35211
36005007400,"Bronx County, NY",35210
36081044301,"Queens County, NY",35209
36081040300,"Queens County, NY",35198
36119005702,"New Rochelle, NY",35186
36047101400,"Kings County, NY",35147
36081043701,"Queens County, NY",35140
36005040900,"Bronx County, NY",35137
36047114201,"Kings County, NY",35115
36005028600,"Bronx County, NY",35058
36081044602,"Queens County, NY",35029
36081014201,"Queens County, NY",35026
36059414304,"Freeport, NY",34978
36005041900,"Bronx County, NY",34961
36081061400,"Queens County, NY",34919
36081065600,"Queens County, NY",34910
36119001505,"Southeast Yonkers, Yonkers, NY",34855
36047117601,"Kings County, NY",34730
36047117201,"Kings County, NY",34694
36081040700,"Queens County, NY",34679
36005008400,"Bronx County, NY",34678
36059303900,"Westbury, NY",34674
36047118202,"Kings County, NY",34638
36005042300,"Bronx County, NY",34622
36119006000,"New Rochelle, NY",34612
36047117800,"Kings County, NY",34608
36081062300,"Queens County, NY",34582
36081037500,"Queens County, NY",34570
36047119000,"Kings County, NY",34565
36005009200,"Bronx County, NY",34512
36081024000,"Queens County, NY",34472
36081053800,"Queens County, NY",34453
36005041300,"Bronx County, NY",34442
36081068000,"Queens County, NY",34422
36059404902,"Elmont, NY",34395
36005022200,"Bronx County, NY",34393
36081063800,"Queens County, NY",34381
36047095600,"Kings County, NY",34369
36047099400,"Kings County, NY",34351
36081002000,"Queens County, NY",34331
36081066400,"Queens County, NY",34330
36081001800,"Queens County, NY",34326
36047120200,"Kings County, NY",34321
36119002106,"Colonial Heights, Yonkers, NY",34314
36005021200,"Bronx County, NY",34305
36005042500,"Bronx County, NY",34262
36047100600,"Kings County, NY",34261
36059522000,"Massapequa, NY",34238
36081122702,"Queens County, NY",34231
36081103202,"Queens County, NY",34216
36081060600,"Queens County, NY",34215
36047101800,"Kings County, NY",34211
36081017400,"Queens County, NY",34175
36047117602,"Kings County, NY",34148
36005022403,"Bronx County, NY",34127
36119001102,"Nodine Hill, Yonkers, NY",34084
36005016600,"Bronx County, NY",34082
36005019400,"Bronx County, NY",34071
36005007200,"Bronx County, NY",34052
36081018800,"Queens County, NY",34046
36081084000,"Queens County, NY",34022
36047105804,"Kings County, NY",33987
36047118201,"Kings County, NY",33984
36081056800,"Queens County, NY",33979
36059517101,"Glen Cove, NY",33966
36005009800,"Bronx County, NY",33952
36005007600,"Bronx County, NY",33932
36047099200,"Kings County, NY",33914
36081036100,"Queens County, NY",33882
36081046000,"Queens County, NY",33817
36059412900,"Baldwin, NY",33760
36103124602,"Babylon, NY",33720
36081020600,"Queens County, NY",33713
36119001200,"Yonkers, NY",33689
36005044400,"Bronx County, NY",33657
36005021601,"Bronx County, NY",33654
36005042902,"Bronx County, NY",33652
36081081800,"Queens County, NY",33615
36059407802,"East Meadow, NY",33570
36005040702,"Bronx County, NY",33553
36081045500,"Queens County, NY",33444
36081063000,"Queens County, NY",33424
36081061200,"Queens County, NY",33407
36081017600,"Queens County, NY",33401
36005020400,"Bronx County, NY",33355
36005016400,"Bronx County, NY",33340
36047098800,"Kings County, NY",33308
36081037100,"Queens County, NY",33287
36047043900,"Kings County, NY",33259
36081012601,"Queens County, NY",33259
36047096800,"Kings County, NY",33233
36005000200,"Bronx County, NY",33222
36005048400,"Bronx County, NY",33181
36005027700,"Bronx County, NY",33164
36047116800,"Kings County, NY",33152
36103122704,"Deer Park, NY",33125
36059407102,"Hempstead, NY",33123
36119004200,"North Side, Mount Vernon, NY",33081
36047118400,"Kings County, NY",33004
36103122801,"Deer Park, NY",32991
36005009600,"Bronx County, NY",32947
36119000202,"Ludlow, Yonkers, NY",32945
36081094203,"Queens County, NY",32925
36005041100,"Bronx County, NY",32916
36119001800,"Northwest Yonkers, Yonkers, NY",32908
36047102400,"Kings County, NY",32887
36081055900,"Queens County, NY",32880
36005042000,"Bronx County, NY",32866
36081061602,"Queens County, NY",32818
36103111100,"Huntington Station, NY",32817
36081035700,"Queens County, NY",32788
36103123701,"Copiague, NY",32774
36005007800,"Bronx County, NY",32703
36005041800,"Bronx County, NY",32698
36005038900,"Bronx County, NY",32667
36081069400,"Queens County, NY",32657
36081035300,"Queens County, NY",32645
36005023100,"Bronx County, NY",32586
36081023800,"Queens County, NY",32578
36005036000,"Bronx County, NY",32566
36081044400,"Queens County, NY",32540
36005021602,"Bronx County, NY",32526
36081040100,"Queens County, NY",32476
36005038800,"Bronx County, NY",32448
36103111002,"Huntington Station, NY",32417
36047117202,"Kings County, NY",32407
36081017000,"Queens County, NY",32406
36005007000,"Bronx County, NY",32368
36103122405,"Wheatley Heights, NY",32356
36081020800,"Queens County, NY",32311
36005039200,"Bronx County, NY",32310
36005042400,"Bronx County, NY",32285
36005034000,"Bronx County, NY",32284
36005044200,"Bronx County, NY",32275
36005042200,"Bronx County, NY",32234
36081063200,"Queens County, NY",32212
36081087100,"Queens County, NY",32152
36081018000,"Queens County, NY",32066
36081020200,"Queens County, NY",32058
36081050202,"Queens County, NY",32054
36005026500,"Bronx County, NY",32020
36047096600,"Kings County, NY",32017
36047117400,"Kings County, NY",32016
36005041500,"Bronx County, NY",31990
36081060000,"Queens County, NY",31968
36005001600,"Bronx County, NY",31947
36103111201,"Huntington Station, NY",31943
36081060800,"Queens County, NY",31926
36005046202,"Bronx County, NY",31877
36119007800,"Port Chester, NY",31855
36005026702,"Bronx County, NY",31840
36005040303,"Bronx County, NY",31836
36119000201,"Ludlow, Yonkers, NY",31786
36119004100,"Oakwood Heights, Mount Vernon, NY",31781
36081100802,"Queens County, NY",31769
36059414201,"Freeport, NY",31721
36005040800,"Bronx County, NY",31709
36005000400,"Bronx County, NY",31658
36047119600,"Kings County, NY",31658
36119001303,"Park Hill, Yonkers, NY",31657
36059411100,"Inwood, NY",31620
36005030200,"Bronx County, NY",31609
36081099200,"Queens County, NY",31607
36005040501,"Bronx County, NY",31605
36005040600,"Bronx County, NY",31603
36081038400,"Queens County, NY",31596
36005033400,"Bronx County, NY",31588
36005042800,"Bronx County, NY",31586
36005021002,"Bronx County, NY",31571
36005034400,"Bronx County, NY",31554
36119006500,"New Rochelle, NY",31489
36119002600,"South Side, Mount Vernon, NY",31481
36081040500,"Queens County, NY",31462
36081051000,"Queens County, NY",31451
36081044601,"Queens County, NY",31384
36005006400,"Bronx County, NY",31378
36119003700,"North Side, Mount Vernon, NY",31372
36005038500,"Bronx County, NY",31364
36081051200,"Queens County, NY",31329
36005008700,"Bronx County, NY",31313
36005040302,"Bronx County, NY",31246
36081061601,"Queens County, NY",31216
36081054000,"Queens County, NY",31214
36005028300,"Bronx County, NY",31201
36119000600,"Getty Square, Yonkers, NY",31197
36005020601,"Bronx County, NY",31192
36081036500,"Queens County, NY",31165
36081015200,"Queens County, NY",31152
36119006300,"New Rochelle, NY",31146
36047109800,"Kings County, NY",31106
36005042600,"Bronx County, NY",31104
36005039400,"Bronx County, NY",31090
36005043400,"Bronx County, NY",31081
36005027300,"Bronx County, NY",31058
36059406801,"Hempstead, NY",31051
36005033202,"Bronx County, NY",31051
36103110902,"Huntington, NY",31032
36005023501,"Bronx County, NY",31021
36081046400,"Queens County, NY",30971
36081058000,"Queens County, NY",30970
36081020400,"Queens County, NY",30964
36005003100,"Bronx County, NY",30963
36059407402,"Uniondale, NY",30944
36005005400,"Bronx County, NY",30896
36059407203,"Hempstead, NY",30881
36047102800,"Kings County, NY",30880
36059407204,"Hempstead, NY",30829
36059407501,"Uniondale, NY",30814
36081019200,"Queens County, NY",30805
36081064600,"Queens County, NY",30779
36047119800,"Kings County, NY",30769
36081038100,"Queens County, NY",30727
36047100400,"Kings County, NY",30713
36081053401,"Queens County, NY",30706
36047043700,"Kings County, NY",30690
36047112000,"Kings County, NY",30674
36005039901,"Bronx County, NY",30663
36005035000,"Bronx County, NY",30629
36081061800,"Queens County, NY",30617
36047119200,"Kings County, NY",30589
36081033401,"Queens County, NY",30546
36005044800,"Bronx County, NY",30546
36047114600,"Kings County, NY",30515
36005033800,"Bronx County, NY",30498
36005037000,"Bronx County, NY",30478
36005035600,"Bronx County, NY",30469
36047099800,"Kings County, NY",30459
36081081400,"Queens County, NY",30425
36081036300,"Queens County, NY",30402
36005032400,"Bronx County, NY",30398
36005039902,"Bronx County, NY",30380
36005043100,"Bronx County, NY",30369
36047100800,"Kings County, NY",30341
36047092200,"Kings County, NY",30326
36059304204,"Westbury, NY",30321
36081043200,"Queens County, NY",30296
36047117000,"Kings County, NY",30283
36059414100,"Freeport, NY",30282
36005042100,"Bronx County, NY",30265
36081079000,"Queens County, NY",30237
36081050400,"Queens County, NY",30199
36047115800,"Kings County, NY",30162
36047119400,"Kings County, NY",30160
36005006800,"Bronx County, NY",30117
36081062200,"Queens County, NY",30091
36059517200,"Glen Cove, NY",30085
36005005600,"Bronx County, NY",30083
36005038200,"Bronx County, NY",30082
36081052800,"Queens County, NY",30078
36059416500,"Long Beach, NY",30061
36005005002,"Bronx County, NY",30043
36081059400,"Queens County, NY",30041
36081099801,"Queens County, NY",30032
36081050000,"Queens County, NY",30028
36047036700,"Kings County, NY",30010
36081050201,"Queens County, NY",30006
36081053601,"Queens County, NY",30005
36081030600,"Queens County, NY",29991
36081032000,"Queens County, NY",29989
36119000300,"Yonkers, NY",29963
36005040502,"Bronx County, NY",29955
36005003500,"Bronx County, NY",29954
36005040100,"Bronx County, NY",29949
36059304203,"Westbury, NY",29937
36005040701,"Bronx County, NY",29925
36119000101,"Ludlow, Yonkers, NY",29923
36005008500,"Bronx County, NY",29883
36081058200,"Queens County, NY",29876
36005023703,"Bronx County, NY",29868
36047120000,"Kings County, NY",29855
36005040304,"Bronx County, NY",29814
36047097000,"Kings County, NY",29814
36119003500,"North Side, Mount Vernon, NY",29788
36081059600,"Queens County, NY",29782
36081059800,"Queens County, NY",29725
36119001000,"Getty Square, Yonkers, NY",29723
36005024100,"Bronx County, NY",29700
36081018600,"Queens County, NY",29694
36005026900,"Bronx County, NY",29682
36081035800,"Queens County, NY",29676
36081079200,"Queens County, NY",29676
36005035800,"Bronx County, NY",29663
36081052000,"Queens County, NY",29660
36081039800,"Queens County, NY",29617
36103123201,"Farmingdale, NY",29601
36005012300,"Bronx County, NY",29578
36005021001,"Bronx County, NY",29561
36059407201,"Hempstead, NY",29558
36005003800,"Bronx County, NY",29528
36081037900,"Queens County, NY",29517
36081056500,"Queens County, NY",29497
36005046201,"Bronx County, NY",29447
36081029400,"Queens County, NY",29426
36005035900,"Bronx County, NY",29412
36059406701,"Hempstead, NY",29373
36081040200,"Queens County, NY",29360
36005040400,"Bronx County, NY",29356
36005038100,"Bronx County, NY",29353
36005004800,"Bronx County, NY",29288
36005026701,"Bronx County, NY",29255
36119000401,"Getty Square, Yonkers, NY",29252
36005012101,"Bronx County, NY",29244
36005025300,"Bronx County, NY",29179
36081059000,"Queens County, NY",29122
36005038600,"Bronx County, NY",29096
36005024000,"Bronx County, NY",29079
36047112200,"Kings County, NY",29039
36005039600,"Bronx County, NY",29030
36005025500,"Bronx County, NY",29011
36119000103,"Ludlow, Yonkers, NY",28998
36059406802,"Hempstead, NY",28982
36047040900,"Kings County, NY",28981
36005033600,"Bronx County, NY",28959
36081036800,"Queens County, NY",28953
36005023301,"Bronx County, NY",28948
36059407101,"Hempstead, NY",28938
36005022901,"Bronx County, NY",28930
36005037800,"Bronx County, NY",28900
36005038000,"Bronx County, NY",28850
36059411500,"Hewlett, NY",28825
36005037200,"Bronx County, NY",28815
36119000500,"Getty Square, Yonkers, NY",28796
36005021800,"Bronx County, NY",28768
36081027000,"Queens County, NY",28767
36081095400,"Queens County, NY",28765
36081028200,"Queens County, NY",28745
36059414202,"Freeport, NY",28723
36047116400,"Kings County, NY",28714
36081051800,"Queens County, NY",28675
36103122403,"Wheatley Heights, NY",28669
36059406202,"West Hempstead, NY",28650
36081018200,"Queens County, NY",28650
36005009000,"Bronx County, NY",28649
36081018402,"Queens County, NY",28623
36005025100,"Bronx County, NY",28585
36047115000,"Kings County, NY",28578
36047113200,"Kings County, NY",28535
36081096400,"Queens County, NY",28518
36005023302,"Bronx County, NY",28489
36005022000,"Bronx County, NY",28473
36047114400,"Kings County, NY",28453
36005046000,"Bronx County, NY",28403
36081101001,"Queens County, NY",28396
36005026300,"Bronx County, NY",28390
36081035200,"Queens County, NY",28387
36081050800,"Queens County, NY",28364
36081037300,"Queens County, NY",28352
36005034800,"Bronx County, NY",28336
36047098600,"Kings County, NY",28311
36119006400,"New Rochelle, NY",28292
36005007500,"Bronx County, NY",28241
36119001101,"Nodine Hill, Yonkers, NY",28240
36005002800,"Bronx County, NY",28233
36005022902,"Bronx County, NY",28198
36081017800,"Queens County, NY",28198
36005036100,"Bronx County, NY",28160
36059407502,"Uniondale, NY",28152
36005004400,"Bronx County, NY",28102
36005036300,"Bronx County, NY",28081
36005039100,"Bronx County, NY",28077
36005036502,"Bronx County, NY",28062
36081052600,"Queens County, NY",28048
36119003000,"South Side, Mount Vernon, NY",27994
36081078800,"Queens County, NY",27968
36081036700,"Queens County, NY",27960
36047116200,"Kings County, NY",27959
36081026600,"Queens County, NY",27959
36047103400,"Kings County, NY",27947
36081033402,"Queens County, NY",27931
36047114202,"Kings County, NY",27897
36005008900,"Bronx County, NY",27885
36081040400,"Queens County, NY",27885
36081099802,"Queens County, NY",27792
36081040000,"Queens County, NY",27762
36047115200,"Kings County, NY",27757
36047036502,"Kings County, NY",27755
36081019400,"Queens County, NY",27724
36103122502,"West Babylon, NY",27723
36047120800,"Kings County, NY",27697
36005037300,"Bronx County, NY",27693
36081100801,"Queens County, NY",27688
36081033000,"Queens County, NY",27677
36081019800,"Queens County, NY",27677
36005005200,"Bronx County, NY",27645
36005038700,"Bronx County, NY",27624
36005026100,"Bronx County, NY",27623
36081069000,"Queens County, NY",27614
36081032800,"Queens County, NY",27586
36005013300,"Bronx County, NY",27567
36081039400,"Queens County, NY",27558
36081094201,"Queens County, NY",27541
36119004000,"North Side, Mount Vernon, NY",27538
36119003400,"South Side, Mount Vernon, NY",27534
36005037400,"Bronx County, NY",27522
36005023502,"Bronx County, NY",27459
36081019600,"Queens County, NY",27435
36047092000,"Kings County, NY",27422
36005007300,"Bronx County, NY",27418
36047116600,"Kings County, NY",27374
36005036901,"Bronx County, NY",27369
36005008300,"Bronx County, NY",27327
36005039000,"Bronx County, NY",27312
36005009300,"Bronx County, NY",27301
36047113000,"Kings County, NY",27236
36005015300,"Bronx County, NY",27217
36059414002,"Roosevelt, NY",27217
36047097400,"Kings County, NY",27215
36005036400,"Bronx County, NY",27175
36103123202,"Amityville, NY",27174
36005004200,"Bronx County, NY",27169
36005016100,"Bronx County, NY",27122
36081041400,"Queens County, NY",27105
36081037600,"Queens County, NY",27098
36081019000,"Queens County, NY",27077
36081028400,"Queens County, NY",27052
36005039700,"Bronx County, NY",27024
36081042400,"Queens County, NY",27015
36005014400,"Bronx County, NY",27008
36081036600,"Queens County, NY",26996
36081103201,"Queens County, NY",26989
36081053200,"Queens County, NY",26988
36047091800,"Kings County, NY",26953
36005036800,"Bronx County, NY",26923
36059414400,"Freeport, NY",26921
36005039800,"Bronx County, NY",26903
36005037900,"Bronx County, NY",26896
36081061000,"Queens County, NY",26883
36005018500,"Bronx County, NY",26864
36119000702,"Northwest Yonkers, Yonkers, NY",26856
36005007900,"Bronx County, NY",26850
36005036700,"Bronx County, NY",26807
36081065000,"Queens County, NY",26776
36047107800,"Kings County, NY",26759
36081059200,"Queens County, NY",26737
36047111600,"Kings County, NY",26725
36081028800,"Queens County, NY",26695
36081062600,"Queens County, NY",26694
36005011700,"Bronx County, NY",26655
36081051600,"Queens County, NY",26606
36005012701,"Bronx County, NY",26556
36005004600,"Bronx County, NY",26535
36119002800,"South Side, Mount Vernon, NY",26520
36005008600,"Bronx County, NY",26518
36005016500,"Bronx County, NY",26505
36005017702,"Bronx County, NY",26487
36059407301,"Uniondale, NY",26487
36005023704,"Bronx County, NY",26467
36005038301,"Bronx County, NY",26377
36005013100,"Bronx County, NY",26342
36005037100,"Bronx County, NY",26280
36047112400,"Kings County, NY",26278
36005005001,"Bronx County, NY",26270
36047036900,"Kings County, NY",26233
36005015500,"Bronx County, NY",26209
36081052200,"Queens County, NY",26197
36081052400,"Queens County, NY",26180
36005011502,"Bronx County, NY",26153
36047111800,"Kings County, NY",26121
36059413900,"Roosevelt, NY",26091
36005016700,"Bronx County, NY",26058
36005015900,"Bronx County, NY",26046
36059302502,"Old Westbury, NY",26038
36103123302,"Amityville, NY",26029
36005043000,"Bronx County, NY",26023
36005006000,"Bronx County, NY",26006
36119003200,"South Side, Mount Vernon, NY",25934
36005036501,"Bronx County, NY",25901
36047040500,"Kings County, NY",25883
36119000402,"Getty Square, Yonkers, NY",25883
36005039300,"Bronx County, NY",25880
36047091600,"Kings County, NY",25878
36119003100,"South Side, Mount Vernon, NY",25836
36005012500,"Bronx County, NY",25765
36047111000,"Kings County, NY",25728
36005037504,"Bronx County, NY",25711
36005038302,"Bronx County, NY",25680
36005023900,"Bronx County, NY",25668
36047116000,"Kings County, NY",25646
36005045800,"Bronx County, NY",25619
36005011900,"Bronx County, NY",25598
36081053000,"Queens County, NY",25513
36059406900,"Hempstead, NY",25505
36005007700,"Bronx County, NY",25496
36081026400,"Queens County, NY",25489
36081050600,"Queens County, NY",25429
36081027200,"Queens County, NY",25379
36103122406,"Wyandanch, NY",25374
36047040300,"Kings County, NY",25372
36081043400,"Queens County, NY",25351
36047112600,"Kings County, NY",25326
36047110600,"Kings County, NY",25296
36103123301,"Amityville, NY",25287
36005015100,"Bronx County, NY",25250
36047112800,"Kings County, NY",25248
36081097204,"Queens County, NY",25243
36005012901,"Bronx County, NY",25208
36081062000,"Queens County, NY",25192
36005002000,"Bronx County, NY",25174
36059406702,"Hempstead, NY",25129
36005037600,"Bronx County, NY",25104
36059414001,"Roosevelt, NY",25100
36081027600,"Queens County, NY",24999
36081044000,"Queens County, NY",24989
36059407000,"Hempstead, NY",24943
36005016900,"Bronx County, NY",24882
36005014900,"Bronx County, NY",24792
36119003300,"South Side, Mount Vernon, NY",24744
36047041100,"Kings County, NY",24710
36005015700,"Bronx County, NY",24708
36081027800,"Queens County, NY",24626
36047110400,"Kings County, NY",24536
36005001900,"Bronx County, NY",24491
36047121400,"Kings County, NY",24448
36081094202,"Queens County, NY",24430
36047122000,"Kings County, NY",24414
36081027400,"Queens County, NY",24354
36081028000,"Queens County, NY",24344
36081025400,"Queens County, NY",24287
36081097202,"Queens County, NY",24260
36081026000,"Queens County, NY",24169
36119002700,"South Side, Mount Vernon, NY",24050
36081025800,"Queens County, NY",23818
36005006200,"Bronx County, NY",23753
36005039500,"Bronx County, NY",23732
36005014701,"Bronx County, NY",23619
36005012102,"Bronx County, NY",23545
36103122501,"Wyandanch, NY",23423
36047091200,"Kings County, NY",23324
36005023702,"Bronx County, NY",23282
36047101600,"Kings County, NY",23268
36047091000,"Kings County, NY",23228
36119002900,"South Side, Mount Vernon, NY",23178
36005036902,"Bronx County, NY",23111
36081018401,"Queens County, NY",22924
36047113400,"Kings County, NY",22751
36081026200,"Queens County, NY",22536
36005013500,"Bronx County, NY",22436
36047098200,"Kings County, NY",22375
36005014500,"Bronx County, NY",22208
36081097203,"Queens County, NY",22098
36047121000,"Kings County, NY",21852
36047090600,"Kings County, NY",21684
36005014702,"Bronx County, NY",21483
36047115600,"Kings County, NY",21459
36081068200,"Queens County, NY",20842
36047090800,"Kings County, NY",19980
36047066600,"New York, NY",
36081064102,"Queens County, NY",
36005050400,"Bronx County, NY",
36005043500,"Bronx County, NY",
36081005000,"Queens County, NY",
36005031900,"Bronx County, NY",
36081042600,"Queens County, NY",
36081010701,"Queens County, NY",
36081038301,"Queens County, NY",
36047070202,"Kings County, NY",
36081155101,"Little Neck, Floral Park, NY",
36005011000,"Bronx County, NY",
36081091800,"Queens County, NY",
36081099900,"Queens County, NY",
36059982100,"Old Westbury, NY",
36005002400,"Bronx County, NY",
36047107000,"Kings County, NY",
36081056100,"Queens County, NY",
36081071600,"Queens County, NY",
36119000104,"Ludlow, Yonkers, NY",
36081156700,"Queens County, NY",
36005016300,"Bronx County, NY",
36081029900,"Queens County, NY",
36081079300,"Queens County, NY",
36059981100,"Greenvale, NY",
36005027600,"Bronx County, NY",
36005028400,"Bronx County, NY",
36081128300,"Queens County, NY",
36081060701,"Queens County, NY",
36047040700,"Kings County, NY",
36047118000,"Kings County, NY",
36081061302,"Queens County, NY",
36081022900,"Queens County, NY",